,milestone,time,memory
0,start,66138.381027,115.499008
1,loading data,66138.388635,115.511296
2,data loaded,66139.139419,114.122752
3,Start preparing fold0,66139.139465,114.122752
