,milestone,time,memory
0,start,460.8583,119.164928
1,loading data,460.86918,119.164928
2,data loaded,461.106355,115.228672
3,Start preparing fold0,461.106401,115.228672
