,milestone,time,memory
0,start,2.502273,147.10784
1,loading data,2.507332,147.10784
2,data loaded,2.592947,126.181376
3,Start preparing fold0,2.593004,126.181376
